{"flutter":{"platforms":{"android":{"default":{"projectId":"moviesdatabase-39524","appId":"1:88134379178:android:87df306c54396ece1992d3","fileOutput":"android/app/google-services.json"}},"dart":{"lib/firebase_options.dart":{"projectId":"moviesdatabase-39524","configurations":{"android":"1:88134379178:android:87df306c54396ece1992d3","ios":"1:88134379178:ios:e4d3a9e2aaaa6c761992d3","macos":"1:88134379178:ios:e4d3a9e2aaaa6c761992d3","web":"1:88134379178:web:e886ff64abdbd87d1992d3","windows":"1:88134379178:web:8044e88e4baddcaa1992d3"}}}}}}