{
  "project_info": {
    "project_number": "88134379178",
    "project_id": "moviesdatabase-39524",
    "storage_bucket": "moviesdatabase-39524.firebasestorage.app"
  },
  "client": [
    {
      "client_info": {
        "mobilesdk_app_id": "1:88134379178:android:87df306c54396ece1992d3",
        "android_client_info": {
          "package_name": "com.edilianny.moviesapp"
        }
      },
      "oauth_client": [],
      "api_key": [
        {
          "current_key": "AIzaSyD3WakW37_lNv7tw9G9bzJjGHOMeO-dcw0"
        }
      ],
      "services": {
        "appinvite_service": {
          "other_platform_oauth_client": []
        }
      }
    }
  ],
  "configuration_version": "1"
}